run_id,sweep_value,seed,duration_ms,Proposal Pass Rate,Average Turnout,Quorum Reach Rate,Proposal Rejection Rate,Final Gini,Final Treasury,Whale Influence,Governance Capture Risk,Voter Participation Rate,Unique Voter Count,Delegate Concentration,Single Entity Control,Collusion Threshold,Treasury Growth Rate
Realistic Baseline-run-001,,42,5862,0,0.019733321139422947,0.1056338028169014,1,0.6975143274198983,12072.533817180847,0.022306482251193565,0.3257626008874361,0.0322099262240107,174,0.3436307638603164,0.029177497818364675,0.09047619047619047,-0.7194429334540783
Realistic Baseline-run-002,,43,5652,0,0.016805346344785692,0.10801393728222997,1,0.6954613538063343,10991.565985559386,0.017874599552514206,0.3579134386474726,0.027044964327194266,177,0.37590769671080704,0.032371535472224794,0.09047619047619047,-0.7023279892525487
Realistic Baseline-run-003,,44,5561,0.004016064257028112,0.020166592237892987,0.125,0.9959839357429718,0.6928280074260997,11661.024807428306,0.02184909139188947,0.30687124145274725,0.032403273809523785,174,0.2935453676379483,0.03003601058872007,0.09523809523809523,-0.7159531701914265