{
  "experimentId": "Realistic Baseline-1770416250159",
  "experimentName": "Realistic Baseline",
  "totalRuns": 3,
  "successfulRuns": 3,
  "failedRuns": 0,
  "totalDurationMs": 6234,
  "metricsSummary": [
    {
      "runCount": 3,
      "metrics": [
        {
          "name": "Proposal Pass Rate",
          "mean": 0.0013386880856760374,
          "median": 0,
          "std": 0.0023186757798780147,
          "min": 0,
          "max": 0.004016064257028112,
          "values": [
            0,
            0,
            0.004016064257028112
          ],
          "standardError": 0.0013386880856760372,
          "ci95": {
            "lower": -0.004421221860440423,
            "upper": 0.0070985980317924986,
            "level": 0.95
          },
          "ci99": {
            "lower": -0.011947581259571774,
            "upper": 0.014624957430923848,
            "level": 0.99
          },
          "bootstrapCi95": {
            "lower": 0,
            "upper": 0.004016064257028112,
            "level": 0.95
          },
          "bootstrapCi99": {
            "lower": 0,
            "upper": 0.004016064257028112,
            "level": 0.99
          },
          "coefficientOfVariation": 1.732050807568877,
          "skewness": 1.7320508075688765,
          "iqr": 0.002008032128514056
        },
        {
          "name": "Average Turnout",
          "mean": 0.018901753240700543,
          "median": 0.019733321139422947,
          "std": 0.0018284207300623841,
          "min": 0.016805346344785692,
          "max": 0.020166592237892987,
          "values": [
            0.019733321139422947,
            0.016805346344785692,
            0.020166592237892987
          ],
          "standardError": 0.0010556392006934095,
          "ci95": {
            "lower": 0.014359704352206995,
            "upper": 0.023443802129194093,
            "level": 0.95
          },
          "ci99": {
            "lower": 0.008424699697094924,
            "upper": 0.029378806784306162,
            "level": 0.99
          },
          "bootstrapCi95": {
            "lower": 0.016805346344785692,
            "upper": 0.020166592237892987,
            "level": 0.95
          },
          "bootstrapCi99": {
            "lower": 0.016805346344785692,
            "upper": 0.020166592237892987,
            "level": 0.99
          },
          "coefficientOfVariation": 0.09673286423638755,
          "skewness": -1.623277042923791,
          "iqr": 0.0016806229465536476
        },
        {
          "name": "Quorum Reach Rate",
          "mean": 0.11288258003304379,
          "median": 0.10801393728222997,
          "std": 0.010561257501356218,
          "min": 0.1056338028169014,
          "max": 0.125,
          "values": [
            0.1056338028169014,
            0.10801393728222997,
            0.125
          ],
          "standardError": 0.006097544861388967,
          "ci95": {
            "lower": 0.08664696199042157,
            "upper": 0.139118198075666,
            "level": 0.95
          },
          "ci99": {
            "lower": 0.05236540337330405,
            "upper": 0.1733997566927835,
            "level": 0.99
          },
          "bootstrapCi95": {
            "lower": 0.10563380281690142,
            "upper": 0.125,
            "level": 0.95
          },
          "bootstrapCi99": {
            "lower": 0.10563380281690142,
            "upper": 0.125,
            "level": 0.99
          },
          "coefficientOfVariation": 0.09355967500268556,
          "skewness": 1.6336102119358822,
          "iqr": 0.009683098591549297
        },
        {
          "name": "Proposal Rejection Rate",
          "mean": 0.998661311914324,
          "median": 1,
          "std": 0.002318675779878044,
          "min": 0.9959839357429718,
          "max": 1,
          "values": [
            1,
            1,
            0.9959839357429718
          ],
          "standardError": 0.0013386880856760543,
          "ci95": {
            "lower": 0.9929014019682074,
            "upper": 1.0044212218604405,
            "level": 0.95
          },
          "ci99": {
            "lower": 0.9853750425690759,
            "upper": 1.011947581259572,
            "level": 0.99
          },
          "bootstrapCi95": {
            "lower": 0.9959839357429718,
            "upper": 1,
            "level": 0.95
          },
          "bootstrapCi99": {
            "lower": 0.9959839357429718,
            "upper": 1,
            "level": 0.99
          },
          "coefficientOfVariation": 0.0023217839243550925,
          "skewness": -1.7320508075688767,
          "iqr": 0.002008032128514081
        },
        {
          "name": "Final Gini",
          "mean": 0.6952678962174441,
          "median": 0.6954613538063343,
          "std": 0.0023491420029647836,
          "min": 0.6928280074260997,
          "max": 0.6975143274198983,
          "values": [
            0.6975143274198983,
            0.6954613538063343,
            0.6928280074260997
          ],
          "standardError": 0.0013562777677763745,
          "ci95": {
            "lower": 0.6894323039776232,
            "upper": 0.701103488457265,
            "level": 0.95
          },
          "ci99": {
            "lower": 0.6818070520353968,
            "upper": 0.7087287403994914,
            "level": 0.99
          },
          "bootstrapCi95": {
            "lower": 0.6928280074260997,
            "upper": 0.6975143274198983,
            "level": 0.95
          },
          "bootstrapCi99": {
            "lower": 0.6928280074260997,
            "upper": 0.6975143274198983,
            "level": 0.99
          },
          "coefficientOfVariation": 0.0033787580524645604,
          "skewness": -0.36807271837992256,
          "iqr": 0.002343159996899269
        },
        {
          "name": "Final Treasury",
          "mean": 11575.041536722847,
          "median": 11661.024807428306,
          "std": 545.5893193428618,
          "min": 10991.565985559386,
          "max": 12072.533817180847,
          "values": [
            12072.533817180847,
            10991.565985559386,
            11661.024807428306
          ],
          "standardError": 314.996140389586,
          "ci95": {
            "lower": 10219.722533415197,
            "upper": 12930.360540030497,
            "level": 0.95
          },
          "ci99": {
            "lower": 8448.754234467486,
            "upper": 14701.328838978208,
            "level": 0.99
          },
          "bootstrapCi95": {
            "lower": 10991.565985559386,
            "upper": 12072.533817180847,
            "level": 0.95
          },
          "bootstrapCi99": {
            "lower": 10991.565985559386,
            "upper": 12072.533817180847,
            "level": 0.99
          },
          "coefficientOfVariation": 0.04713497723631758,
          "skewness": -0.691572801206972,
          "iqr": 540.4839158107316
        },
        {
          "name": "Whale Influence",
          "mean": 0.020676724398532412,
          "median": 0.02184909139188947,
          "std": 0.002437463710303839,
          "min": 0.017874599552514206,
          "max": 0.022306482251193565,
          "values": [
            0.022306482251193565,
            0.017874599552514206,
            0.02184909139188947
          ],
          "standardError": 0.0014072703292838655,
          "ci95": {
            "lower": 0.014621728874744418,
            "upper": 0.02673171992232041,
            "level": 0.95
          },
          "ci99": {
            "lower": 0.00670978703911097,
            "upper": 0.03464366175795386,
            "level": 0.99
          },
          "bootstrapCi95": {
            "lower": 0.017874599552514206,
            "upper": 0.022306482251193565,
            "level": 0.95
          },
          "bootstrapCi99": {
            "lower": 0.017874599552514206,
            "upper": 0.022306482251193565,
            "level": 0.99
          },