run_id,sweep_value,seed,duration_ms,Proposal Pass Rate,Average Turnout,Quorum Reach Rate,Proposal Rejection Rate,Final Gini,Final Treasury,Whale Influence,Governance Capture Risk,Voter Participation Rate,Unique Voter Count,Delegate Concentration,Single Entity Control,Collusion Threshold,Treasury Growth Rate
Realistic Baseline-run-001,,42,6626,1,0.009885202959742032,1,0,0.8440004123312621,10292.024048335594,0.7192342342893452,0.7348564313146542,0.024163981949650082,100,0.7187061203198462,0.27951885964383066,0.21975308641975308,-0.7607964756906309
Realistic Baseline-run-002,,43,7168,0.9523809523809523,0.007644050507059086,1,0.047619047619047616,0.8401627764506321,10293.879010403065,0.5861899987811013,0.6136083700314385,0.019056805035331758,99,0.6226675328612539,0.29519850034625134,0.23703703703703705,-0.7606661650854332
Realistic Baseline-run-003,,44,6445,0.9523809523809523,0.010140647842416866,1,0.047619047619047616,0.8226398593479911,10285.258078565781,0.7312324580529518,0.7364081299829937,0.023357372863847252,87,0.7191707758796719,0.25743444241239055,0.23209876543209876,-0.7610742530890825
Realistic Baseline-run-004,,45,6877,0.9583333333333334,0.008619761654380055,1,0.041666666666666664,0.8421888186706219,10298.906433897997,0.6751596406087558,0.7418492167544031,0.02059828330406421,94,0.728029235657414,0.28090489482057623,0.2123456790123457,-0.7608308479789756
Realistic Baseline-run-005,,46,6522,0.9354838709677419,0.009675088033362537,1,0.06451612903225806,0.8244422044346504,10290.278992589343,0.6899574910779214,0.7340889795125475,0.023257741074935563,113,0.7223767895803066,0.260855727187478,0.24938271604938272,-0.7609580921948275