{
  "experimentId": "Realistic Baseline-1771196319592",
  "experimentName": "Realistic Baseline",
  "totalRuns": 5,
  "successfulRuns": 5,
  "failedRuns": 0,
  "totalDurationMs": 7977,
  "metricsSummary": [
    {
      "runCount": 5,
      "metrics": [
        {
          "name": "Proposal Pass Rate",
          "mean": 0.9597158218125961,
          "median": 0.9523809523809523,
          "std": 0.0240806683230333,
          "min": 0.9354838709677419,
          "max": 1,
          "values": [
            1,
            0.9523809523809523,
            0.9523809523809523,
            0.9583333333333334,
            0.9354838709677419
          ],
          "standardError": 0.010769202262785665,
          "ci95": {
            "lower": 0.929815722903209,
            "upper": 0.9896159207219831,
            "level": 0.95
          },
          "ci99": {
            "lower": 0.9101333929060028,
            "upper": 1.0092982507191894,
            "level": 0.99
          },
          "bootstrapCi95": {
            "lower": 0.9468125960061442,
            "upper": 0.9726190476190476,
            "level": 0.95
          },
          "bootstrapCi99": {
            "lower": 0.9434331797235023,
            "upper": 0.9821428571428571,
            "level": 0.99
          },
          "coefficientOfVariation": 0.025091457049809415,
          "skewness": 1.502485074454185,
          "iqr": 0.005952380952381042
        },
        {
          "name": "Average Turnout",
          "mean": 0.009192950199392114,
          "median": 0.009675088033362537,
          "std": 0.0010413257130690225,
          "min": 0.007644050507059086,
          "max": 0.010140647842416866,
          "values": [
            0.009885202959742032,
            0.007644050507059086,
            0.010140647842416866,
            0.008619761654380055,
            0.009675088033362537
          ],
          "standardError": 0.00046569501622815507,
          "ci95": {
            "lower": 0.007899973551070845,
            "upper": 0.010485926847713383,
            "level": 0.95
          },
          "ci99": {
            "lower": 0.007048846163564064,
            "upper": 0.011337054235220164,
            "level": 0.99
          },
          "bootstrapCi95": {
            "lower": 0.008143369974130643,
            "upper": 0.010038469889346932,
            "level": 0.95
          },
          "bootstrapCi99": {
            "lower": 0.00783919273652328,
            "upper": 0.010140647842416866,
            "level": 0.99
          },
          "coefficientOfVariation": 0.11327437770062981,
          "skewness": -0.9628369783733187,
          "iqr": 0.0012654413053619761
        },
        {
          "name": "Quorum Reach Rate",
          "mean": 1,
          "median": 1,
          "std": 0,
          "min": 1,
          "max": 1,
          "values": [
            1,
            1,
            1,
            1,
            1
          ],
          "standardError": 0,
          "ci95": {
            "lower": 1,
            "upper": 1,
            "level": 0.95
          },
          "ci99": {
            "lower": 1,
            "upper": 1,
            "level": 0.99
          },
          "bootstrapCi95": {
            "lower": 1,
            "upper": 1,
            "level": 0.95
          },
          "bootstrapCi99": {
            "lower": 1,
            "upper": 1,
            "level": 0.99
          },
          "coefficientOfVariation": 0,
          "skewness": 0,
          "iqr": 0
        },
        {
          "name": "Proposal Rejection Rate",
          "mean": 0.04028417818740399,
          "median": 0.047619047619047616,
          "std": 0.02408066832303328,
          "min": 0,
          "max": 0.06451612903225806,
          "values": [
            0,
            0.047619047619047616,
            0.047619047619047616,
            0.041666666666666664,
            0.06451612903225806
          ],
          "standardError": 0.010769202262785655,
          "ci95": {
            "lower": 0.010384079278016975,
            "upper": 0.07018427709679101,
            "level": 0.95
          },
          "ci99": {
            "lower": -0.009298250719189244,
            "upper": 0.08986660709399723,
            "level": 0.99
          },
          "bootstrapCi95": {
            "lower": 0.027380952380952377,
            "upper": 0.05318740399385561,
            "level": 0.95
          },
          "bootstrapCi99": {
            "lower": 0.019047619047619046,
            "upper": 0.05775729646697388,
            "level": 0.99
          },
          "coefficientOfVariation": 0.5977698790579472,
          "skewness": -1.5024850744542053,
          "iqr": 0.005952380952380952
        },
        {
          "name": "Final Gini",
          "mean": 0.8346868142470317,
          "median": 0.8401627764506321,
          "std": 0.010284581837012915,
          "min": 0.8226398593479911,
          "max": 0.8440004123312621,
          "values": [
            0.8440004123312621,
            0.8401627764506321,
            0.8226398593479911,
            0.8421888186706219,
            0.8244422044346504
          ],
          "standardError": 0.0045994048215441076,
          "ci95": {
            "lower": 0.8219168192434364,
            "upper": 0.847456809250627,
            "level": 0.95
          },
          "ci99": {
            "lower": 0.8135107180969104,
            "upper": 0.855862910397153,
            "level": 0.99
          },
          "bootstrapCi95": {
            "lower": 0.8261444427685193,
            "upper": 0.8416978308028842,
            "level": 0.95
          },
          "bootstrapCi99": {
            "lower": 0.8230003283653229,
            "upper": 0.8428705664230082,
            "level": 0.99
          },
          "coefficientOfVariation": 0.012321485929175247,
          "skewness": -0.5474405395908555,
          "iqr": 0.01774661423597146
        },
        {
          "name": "Final Treasury",
          "mean": 10292.069312758356,
          "median": 10292.024048335594,
          "std": 4.99052696228153,
          "min": 10285.258078565781,
          "max": 10298.906433897997,
          "values": [
            10292.024048335594,
            10293.879010403065,
            10285.258078565781,
            10298.906433897997,
            10290.278992589343
          ],
          "standardError": 2.231831506241406,
          "ci95": {
            "lower": 10285.872755097229,
            "upper": 10298.265870419484,
            "level": 0.95
          },
          "ci99": {
            "lower": 10281.793748766759,
            "upper": 10302.344876749954,
            "level": 0.99
          },
          "bootstrapCi95": {
            "lower": 10286.982264933238,
            "upper": 10296.895464500023,
            "level": 0.95
          },
          "bootstrapCi99": {
            "lower": 10285.258078565781,
            "upper": 10297.900949199011,
            "level": 0.99
          },
          "coefficientOfVariation": 0.0004848905317898631,
          "skewness": 0.012755305572389672,
          "iqr": 3.6000178137219336
        },
        {
          "name": "Whale Influence",
          "mean": 0.6803547645620152,
          "median": 0.6899574910779214,
          "std": 0.057197809497478665,
          "min": 0.5861899987811013,
          "max": 0.7312324580529518,
          "values": [
            0.7192342342893452,
            0.5861899987811013,
            0.7312324580529518,
            0.6751596406087558,
            0.6899574910779214
          ],
          "standardError": 0.025579638040089076,
          "ci95": {
            "lower": 0.6093343037329004,
            "upper": 0.7513752253911299,
            "level": 0.95
          },
          "ci99": {
            "lower": 0.5625836842507206,
            "upper": 0.7981258448733097,
            "level": 0.99
          },
          "bootstrapCi95": {
            "lower": 0.6151984906354715,