{
  "experimentId": "Simple Example Experiment-1769773132798",
  "experimentName": "Simple Example Experiment",
  "totalRuns": 3,
  "successfulRuns": 3,
  "failedRuns": 0,
  "totalDurationMs": 167,
  "metricsSummary": [
    {
      "runCount": 3,
      "metrics": [
        {
          "name": "Proposal Pass Rate",
          "mean": 0.030303030303030304,
          "median": 0,
          "std": 0.052486388108147805,
          "min": 0,
          "max": 0.09090909090909091,
          "values": [
            0,
            0.09090909090909091,
            0
          ],
          "standardError": 0.03030303030303031,
          "ci95": {
            "lower": -0.10008038574996966,
            "upper": 0.16068644635603027,
            "level": 0.95
          },
          "ci99": {
            "lower": -0.27044979396667024,
            "upper": 0.3310558545727309,
            "level": 0.99
          },
          "bootstrapCi95": {
            "lower": 0,
            "upper": 0.0909090909090909,
            "level": 0.95
          },
          "bootstrapCi99": {
            "lower": 0,
            "upper": 0.0909090909090909,
            "level": 0.99
          },
          "coefficientOfVariation": 1.7320508075688774,
          "skewness": 1.7320508075688772,
          "iqr": 0.045454545454545456
        },
        {
          "name": "Final Treasury",
          "mean": 11599.67824035395,
          "median": 11855.063423104404,
          "std": 586.1047373195967,
          "min": 10929.21261222016,
          "max": 12014.758685737284,
          "values": [
            10929.21261222016,
            12014.758685737284,
            11855.063423104404
          ],
          "standardError": 338.38772786478404,
          "ci95": {
            "lower": 10143.713359342975,
            "upper": 13055.643121364923,
            "level": 0.95
          },
          "ci99": {
            "lower": 8241.233100187108,
            "upper": 14958.12338052079,
            "level": 0.99
          },
          "bootstrapCi95": {
            "lower": 10929.21261222016,
            "upper": 12014.758685737286,
            "level": 0.95
          },
          "bootstrapCi99": {
            "lower": 10929.21261222016,
            "upper": 12014.758685737286,
            "level": 0.99
          },
          "coefficientOfVariation": 0.05052767199012517,
          "skewness": -1.5885149534490814,
          "iqr": 542.7730367585627
        },
        {
          "name": "Final Token Price",
          "mean": 1.3390432126049283,
          "median": 1.0879971514930986,
          "std": 0.43575432782533924,
          "min": 1.086923898317617,
          "max": 1.8422085880040686,
          "values": [
            1.086923898317617,
            1.8422085880040686,
            1.0879971514930986
          ],
          "standardError": 0.25158287847050403,
          "ci95": {
            "lower": 0.25656945379570395,
            "upper": 2.4215169714141527,
            "level": 0.95
          },
          "ci99": {
            "lower": -1.1578774082459342,
            "upper": 3.835963833455791,
            "level": 0.99
          },
          "bootstrapCi95": {
            "lower": 1.086923898317617,
            "upper": 1.8422085880040686,
            "level": 0.95
          },
          "bootstrapCi99": {
            "lower": 1.086923898317617,
            "upper": 1.8422085880040686,
            "level": 0.99
          },
          "coefficientOfVariation": 0.3254221549561779,
          "skewness": 1.7320389871240138,
          "iqr": 0.3776423448432258
        },
        {
          "name": "Final Gini",
          "mean": 0.525419810905308,
          "median": 0.5184891153974431,
          "std": 0.03201069251402299,
          "min": 0.4974422177970965,
          "max": 0.5603280995213842,
          "values": [
            0.5184891153974431,
            0.5603280995213842,
            0.4974422177970965
          ],
          "standardError": 0.018481381939917513,
          "ci95": {
            "lower": 0.4459008424519881,
            "upper": 0.6049387793586278,
            "level": 0.95
          },
          "ci99": {
            "lower": 0.3419949930156794,
            "upper": 0.7088446287949366,
            "level": 0.99
          },
          "bootstrapCi95": {
            "lower": 0.4974422177970965,
            "upper": 0.5603280995213842,
            "level": 0.95
          },
          "bootstrapCi99": {
            "lower": 0.4974422177970965,
            "upper": 0.5603280995213842,
            "level": 0.99
          },
          "coefficientOfVariation": 0.06092403036510553,
          "skewness": 0.9286306878753794,
          "iqr": 0.03144294086214383
        },
        {
          "name": "Total Proposals",
          "mean": 7.666666666666667,
          "median": 8,
          "std": 3.5118845842842465,
          "min": 4,
          "max": 11,
          "values": [
            4,
            11,
            8
          ],
          "standardError": 2.0275875100994067,
          "ci95": {
            "lower": -1.057338268467519,
            "upper": 16.390671601800854,
            "level": 0.95
          },
          "ci99": {
            "lower": -12.456821447173425,
            "upper": 27.79015478050676,
            "level": 0.99
          },
          "bootstrapCi95": {
            "lower": 4,
            "upper": 11,
            "level": 0.95
          },
          "bootstrapCi99": {
            "lower": 4,
            "upper": 11,
            "level": 0.99
          },
          "coefficientOfVariation": 0.4580719022979452,
          "skewness": -0.42327316026800665,
          "iqr": 3.5
        }
      ],
      "powerAnalysis": {
        "currentRunsPerConfig": 3,
        "recommendedRuns": 63,
        "currentPower": 0.1422365613561118,
        "minimumEffectDetectable": 2.286190426597633,
        "explanation": "Current sample size of 3 runs has ~14% power. Recommend 63 runs to detect a 0.50 effect size with 80% power."
      }
    }
  ],
  "statisticalSignificance": {
    "pairwiseComparisons": [],
    "overallPowerAnalysis": {
      "currentRunsPerConfig": 3,
      "recommendedRuns": 30,
      "currentPower": 0.08000000000000002,
      "minimumEffectDetectable": 2.286190426597633,
      "explanation": "No parameter sweep to compare. Consider adding sweep values for comparative analysis."
    },
    "recommendations": [
      "⚠️ Low sample size (3 runs per config). Recommend at least 10 runs, ideally 30+ for robust statistical power.",
      "High variability in \"Proposal Pass Rate\" (CV=173.2%). Consider longer simulation runs or more controlled initial conditions.",
      "Non-normal distribution detected for \"Proposal Pass Rate\" (skewness=1.73). Bootstrap CIs are included in stats export.",
      "No parameter sweep configured. Add sweep values to compare configurations."
    ]
  },
  "manifest": {
    "experimentId": "Simple Example Experiment-1769773132626",
    "configHash": "hash:56aa4e01",
    "software": {
      "simulatorVersion": "0.2.0",
      "nodeVersion": "v22.19.0",
      "platform": "win32"
    },
    "execution": {
      "startedAt": "2026-01-30T11:38:52.626Z",
      "completedAt": "2026-01-30T11:38:52.793Z",
      "totalRuns": 3,
      "seeds": [
        42,
        43,
        44
      ],
      "workerCount": 1
    },
    "resultsHash": "hash:1e41b099"
  }
}